类别,归一形,原文形态,出现次数,语音前缀,建议繁译,状态,备注,例句
人名(汉字),美紀,美紀クン/美紀サン/美紀チャン,464,MIKI,美紀,采用,"预填: 汉字名, 繁体同形",……美紀ｸﾝｶ｡
人名(汉字),香菜,香菜クン/香菜サン,223,KANA,香菜,采用,"预填: 汉字名, 繁体同形",U.｢ｿｺﾉ香菜ｻﾝﾐﾀｲﾆ……｣
人名(汉字),樫沢,樫沢クン/樫沢サン/樫沢氏,199,-,樫澤,采用,预填: 姓氏; 沢 为日式简写,我々ﾊ樫沢氏ﾆ促ｻﾚ､
人名(汉字),薫,薫クン/薫サン,161,"KAOR,KAORU",薰,采用,"预填: 日文作薫, 台惯用薰",_1_｢ｿﾚで､薫ｻﾝ｡
人名(汉字),森崎,森崎サン/森崎氏,144,-,森崎,采用,"预填: 姓氏, 繁体同形",森崎氏ﾉﾓｯﾄﾓﾅ質問ﾆ､
人名(汉字),唯柚,唯柚クン/唯柚サン/唯柚チャン/ユユ,142,YUYU,唯柚,采用,"片假名变体 ユユ 并入; 全名高円寺唯柚, 高円寺サン 同人; 以第三人称自称(风格指南已定)",stｱ､ｻﾃﾊｱﾝﾀ､唯柚ﾁｬﾝﾉ身代金目的ﾈ!｣
人名(汉字),紅春,紅春クン/紅春チャン,113,-,紅春,采用,"预填: 人名, 繁体同形",ざﾝﾈﾝ! 紅春ﾁｬﾝでｼﾀ!｣
人名(汉字),西野,西野サン/西野氏,93,-,西野,采用,"预填: 姓氏, 繁体同形",｢西野ｻﾝ､知ｯﾃｲﾙﾉでｽｶ?｣
人名(汉字),霞,霞クン/霞サン/霞チャン,93,"KASU,KASUM,KASUMI",霞,采用,"预填: 汉字名, 繁体同形; 即三上霞, 三上クン/三上サン 同人",｢霞ｸﾝﾄ言ｳﾉｶ｡
人名(汉字),坂橋,坂橋サン/坂橋氏,59,-,坂橋,采用,"预填: 姓氏, 繁体同形; 即坂橋圭介(圭), 同人异称",_4_｢坂橋氏ﾄ三上ｸﾝｶ｣
人名(汉字),楓,楓サン,50,"KAEDE,KAED",楓,采用,预填: 即繁体,ｿﾘｬ､楓ｻﾝﾉｺﾄﾓﾁｮｯﾄ
人名(汉字),浅川,浅川サン,43,-,淺川,采用,预填: 姓氏,｢ｴｯ? ｴｰｯﾄ……浅川ｻﾝｯﾃ
人名(汉字),圭,圭クン,41,-,圭,采用,"预填: 疑为 圭介 略称; 即坂橋圭介, 坂橋氏/坂橋サン 同人",｢ｱ､ｱﾉ……圭ｸﾝ｡
人名(汉字),昇,昇サン,36,"NOBO,NOBOR,NOBORU",昇,采用,"预填: 汉字名, 繁体同形",_3_｢ﾕﾕﾊﾈ｡ﾀだ､昇ｻﾝﾆﾓﾗｯﾀｵ花ｦ
人名(汉字),笹木,笹木サン,15,-,笹木,采用,"预填: 姓氏; 笹 为日制汉字, 保留",_1_｢笹木ｻﾝ｡Xﾄｲｳﾉﾊ……?｣
人名(汉字),青樹,青樹サン,12,-,青樹,采用,"姓氏, 繁体同形",_4_｢ｿﾉ通ﾘでｽ､青樹ｻﾝ｡素晴ﾗｼｲ｣
人名(汉字),三上,三上クン/三上サン,8,-,三上,采用,"姓氏, 繁体同形; 即三上霞(霞), 同人异称",_4_｢坂橋氏ﾄ三上ｸﾝｶ｣
人名(汉字),探偵,探偵サン,8,-,,忽略,校对忽略: 职业(探偵サン=侦探先生),探偵ｻﾝが､指名中だﾖ!
人名(汉字),高円寺,高円寺サン,6,-,高圓寺,采用,"预填: 円 为日式简写; 即高円寺唯柚(唯柚), 同人异称",st高円寺ｻﾝﾓ､ﾅﾙﾎどじｬﾅｲでｽﾖ｣
人名(汉字),早倉,早倉サン,5,-,早倉,采用,"姓氏, 繁体同形",_4_｢早倉ｻﾝ? ｼｶｼ……｣
人名(汉字),子,子サマ,4,-,,忽略,校对忽略: お子サマ(小少爷)碎片,ｵ子ｻﾏﾆﾊﾜｶﾝﾅｲﾖｰ｣
人名(汉字),二人,二人サン,3,-,,忽略,校对忽略: お二人さん(二位),｢ｱ､ｵ二人ｻﾝ……｣
人名(汉字),患者,患者サン,3,-,,忽略,校对忽略: 患者さん(病人),cre｢仕事柄､ﾀﾏﾆ患者ｻﾝﾉ秘密ｦ
人名(汉字),母,母サン,3,-,,忽略,校对忽略: お母さん(妈妈),ｵ母ｻﾝﾄｵ兄ﾁｬﾝﾆ内緒で
人名(汉字),妹,妹サン,2,-,,忽略,校对忽略: 妹さん(妹妹),ｵ前ﾉ妹ｻﾝ､ﾊﾙｶﾁｬﾝｶ?
人名(汉字),婆,婆サン,2,-,,忽略,校对忽略: お婆さん(老奶奶),opo｢隣で入院ｼﾃﾀｵ婆ｻﾝﾆ､
人名(汉字),家政婦,家政婦サン,2,-,,忽略,校对忽略: 家政婦さん(家政妇),oth｢家政婦ｻﾝﾊ家政婦ｻﾝだﾖｰ｡
人名(汉字),王子,王子様,2,-,,忽略,校对忽略: 王子様(王子殿下),王子様がｵ姫様ﾄ結ばﾚﾀﾗ
人名(汉字),聞,聞クン,2,-,,忽略,校对忽略: 聞くんすか 动词碎片,_3_｢ﾈｴ､ｵ姉ｻﾏ｡ｺﾉコ達ﾆﾓ聞ｸﾝｽｶ?｣
人名(汉字),花,花サン,2,-,,忽略,校对忽略: 用户判定: お花さん 指代不明,0.ｵ花ｻﾝ～♪｣
人名(汉字),行,行クン,2,-,,忽略,校对忽略: どこ行くんだい 动词碎片,どｺ行ｸﾝだｲ､ｵ嬢ﾁｬﾝ!｣
人名(汉字),野吉勇,野吉勇サン,2,-,,忽略,校对忽略: 姓名截断错位(西野+吉勇),『西野吉勇ｻﾝでｽ』
人名(片假名),ジャック,ジャックサン/ジャック氏,75,JACK,傑克,采用,预填: Jack 音译,O.ジャックｻﾝﾄﾊどｳｲｳ関係?
人名(片假名),ハルカ,ハルカクン/ハルカチャン,74,"HARU,HARUKA",遙,采用,预填: 柏木ハルカ; 备选: 春香/保留ハルカ,U.ﾊﾙｶﾁｬﾝが言葉ﾆ詰ﾏﾙﾄ､
人名(片假名),ミナ,ミナサン,15,-,,忽略,"校对忽略: 皆さん(各位), 非人名",ﾐﾅｻﾝ､全員､僕ﾆ投票ｼﾃｸだｻｲ
人名(片假名),ノ,ノチャン/ノ様,10,-,,忽略,校对忽略: 送假名碎片,｢ﾏずﾊ中ﾉ様子ｦ……｣
人名(片假名),タク,タクサン,9,-,,忽略,校对忽略: たくさん(许多) 碎片,ｱﾅﾀ方ﾉ他ﾆﾓ､ﾀｸｻﾝ人がｲﾙﾉでｽﾖ｣
人名(片假名),トハルカ,トハルカクン/トハルカチャン,9,"HARU,HARUKA",,忽略,校对忽略: 助词+ハルカ 粘连,森崎氏ﾄﾊﾙｶｸﾝﾊ省ｲﾃﾓ良ｲだﾛｳが､
人名(片假名),レ,レサマ/レ様,9,-,,忽略,校对忽略: お疲れ様 碎片,ｵ疲ﾚ様!!
人名(片假名),オッ,オッサン,7,-,,忽略,校对忽略: オッサン(大叔),_4_｢ｵｯｻﾝ､下がｯﾃﾃﾖ!｣
人名(片假名),ボイン,ボインチャン,7,-,巨乳妹,采用,"绰号(ボインちゃん), 具体指谁待游戏内确认; 醬 不在 CP932 字集, 用户改选 巨乳妹",0.ﾖｫ､ボインﾁｬﾝじｬﾈｪｶ｡
人名(片假名),アノオッ,アノオッサン,5,-,,忽略,校对忽略: あのオッサン(那大叔),｢……何ｱﾉｵｯｻﾝ｡
人名(片假名),シ,シサン/シ様,5,-,,忽略,校对忽略: 样态词碎片,少ｼ様子ｦ見ﾃﾐﾙｶ……｣
人名(片假名),タジャック,タジャック氏,5,JACK,,忽略,校对忽略: 助词+ジャック氏 粘连,ｱﾚだｹ悪ぶｯﾃｲﾀジャック氏でｻｴ
人名(片假名),ノオッ,ノオッサン,4,-,,忽略,校对忽略: 西野のオッサン 碎片,_1_｢何が作戦成功だﾖ｡前ﾉ投票じｬ､西野ﾉｵｯｻﾝ
人名(片假名),ントハルカ,ントハルカクン/ントハルカチャン,4,"HARU,HARUKA",,忽略,校对忽略: 助词+ハルカ 粘连,ﾂﾑじｸﾝﾄﾊﾙｶｸﾝが
人名(片假名),イタ,イタ様,3,-,,忽略,校对忽略: 落ち着いた様子 碎片,二人ﾄﾓ落ﾁ着ｲﾀ様子だｯﾀ｡
人名(片假名),トジャック,トジャック氏,3,JACK,,忽略,校对忽略: 助词+ジャック氏 粘连,.stチラリﾄジャック氏ﾉ方ｦ見ﾙ｡
人名(片假名),ニ,ニチャン/ニ様,3,-,,忽略,校对忽略: 様子 碎片,慎重ﾆ様子ｦ伺ｳ香菜ｸﾝｶﾗ
人名(片假名),ハジャック,ハジャック氏,3,JACK,,忽略,校对忽略: 助词+ジャック氏 粘连,ｺﾉﾏﾏでﾊジャック氏ﾆ先ｦ越ｻﾚ……ﾊｯ｣
人名(片假名),ハミナ,ハミナサン,3,-,,忽略,校对忽略: は+皆さん 粘连,今日ﾊﾐﾅｻﾝﾆ殺ｼ合ｲｦｼﾃｲﾀだｷﾏｽ｡
人名(片假名),ユユ,ユユチャン,3,-,,忽略,"校对忽略: 唯柚片假名形, 并入唯柚变体",_3_｢ﾕﾕﾁｬﾝ……だｲｷﾗｲ!｣
人名(片假名),ンモハルカ,ンモハルカクン,3,"HARU,HARUKA",,忽略,校对忽略: 助词+ハルカ 粘连,紅春ｸﾝﾓ､ﾂﾑじｸﾝﾓﾊﾙｶｸﾝﾓ､
人名(片假名),テタ,テタ様,2,-,,忽略,校对忽略: 様子 碎片,紅春ｸﾝﾊ慌ﾃﾀ様子で私ﾆ言ｳﾄ､
人名(片假名),ナ,ナ様,2,-,,忽略,校对忽略: な+様子 碎片,得意げﾅ様子で話ｽ美紀ｸﾝﾆ､
人名(片假名),ニユク,ニユク様,2,-,,忽略,校对忽略: 死にゆく様 碎片,ﾀだ､二人がﾓがｷ苦ｼﾐﾅがﾗ､死ﾆﾕｸ様ｦ見守
人名(片假名),ハ,ハ様,2,-,,忽略,校对忽略: 様々 碎片,樫沢氏ﾊ様々ﾅ作戦ﾉ可能性ｦ試算ｼﾃｲﾃ､
人名(片假名),ハハルカ,ハハルカクン,2,"HARU,HARUKA",,忽略,校对忽略: 助词+ハルカ 粘连,薫ｻﾝﾊﾊﾙｶｸﾝｦﾔﾝﾜﾘﾄ説得ｽﾙ｡
人名(片假名),ヤジャック,ヤジャック氏,2,JACK,,忽略,校对忽略: 助词+ジャック氏 粘连,ﾓﾊﾔジャック氏ﾉ足元ﾏで､刃が迫ｯﾃｲﾀ｡
人名(片假名),ラジャック,ラジャック氏,2,JACK,,忽略,校对忽略: 助词+ジャック氏 粘连,ｺｳﾅｯﾀﾗジャック氏以外ﾆ
人名(片假名),リハルカ,リハルカチャン,2,"HARU,HARUKA",,忽略,校对忽略: 助词+ハルカ 粘连,_1_｢だｯﾀﾗ､ﾔｯぱﾘﾊﾙｶﾁｬﾝｦ
人名(片假名),ル,ルサン/ル様,2,-,,忽略,校对忽略: ように 碎片,食ｲ入ﾙ様ﾆ日記ｦ読ﾝでｲﾀ｡
人名(片假名),ルジャック,ルジャック氏,2,JACK,,忽略,校对忽略: 助词+ジャック氏 粘连,_0.飛び跳ﾈﾃ回避ｽﾙジャック氏｡
人名(片假名),ヲジャック,ヲジャック氏,2,JACK,,忽略,校对忽略: 助词+ジャック氏 粘连,_1_｢両方ｦジャック氏がﾔｯﾃｲﾀﾄｼﾀﾗ
人名(片假名),ンハハルカ,ンハハルカクン,2,"HARU,HARUKA",,忽略,校对忽略: 助词+ハルカ 粘连,私達ﾉ姿ｦ見ﾀ途端､ﾂﾑじｸﾝﾊﾊﾙｶｸﾝｦ
术语,シリアルキラー,シリアルキラー,247,-,連環殺手,采用,批次A定稿: 全片核心词(247处),bT香菜ｻﾝがシリアルキラーﾅﾝじｬﾅｲｶｯﾃ
术语,ゲーム,ゲーム,175,-,遊戲,采用,批次A定稿: 殺人ゲーム→殺人遊戲,.殺人ゲームｶ…
术语,ジャック,ジャック,131,JACK,傑克,忽略,并入人名条目,O.ジャックｻﾝﾄﾊどｳｲｳ関係?
术语,テスト,テスト,83,-,,忽略,"调试菜单串(sts_deb*, kind=system 永不翻译)",テスト
术语,ホール,ホール,64,-,大廳,采用,批次A定稿: 游戏舞台大厅(WR中心49层),大ｷﾅホールがｱﾙ｡ｿｺﾆ行ｸﾄｲｲ｡
术语,フェードアウト,フェードアウト,63,-,,忽略,command 行引擎串(致命规则: 不可改动); 对白13处按句翻(淡出),フェードアウト
术语,ロム,ロム,59,-,,忽略,"场景标签行(ロム2_*/ROM2_*), 内部标签永不翻译",ロム1_香菜ｦ信じﾅｲ
术语,ターン,ターン,51,-,回合,采用,"批次A定稿: 章节单位(ターン1-7), 对白内按句组(每3回合)",_ロム2_ターン1_薫初
术语,メール,メール,51,-,郵件,采用,"批次A定稿: 手机邮件系统, 件名→邮件标题",tメールが1件……?
术语,オレ,オレ,39,-,,忽略,"第一人称, 风格指南: 一律我",オレﾊ嫌ｲじｬﾅｲぜ､人殺ｼ!
术语,ルール,ルール,38,-,規則,采用,批次A定稿,でﾓｺﾚ､ｿｳｲｳルールﾅﾝでｼｮ?｣
术语,ドア,ドア,35,-,,忽略,"普通词汇, 机翻按句处理",ｽぐｿｺﾆｱﾙドアﾉ中ｶﾗ
术语,ダメ,ダメ,31,-,,忽略,"普通词汇, 机翻按句处理",_1_｢怪ｼｲ人ﾆﾂｲﾃ行ｯﾁｬダメだﾓﾝ!｣
术语,ロック,ロック,30,-,鎖定,采用,批次A定稿: 电子锁门(锁=简体不可编码),_4_｢電気的ﾆドアｦロックｽﾙシステムだﾅ｡
术语,チミ,チミ,28,-,,忽略,"第二人称指代(ジャック语癖), 风格指南: 省略或以称呼指代",O.ﾝ､チミ､ﾏだ未実装じｬﾅｲｶ｡
术语,メッセージ,メッセージ,27,-,,忽略,"普通词汇, 机翻按句处理",メッセージﾄｿﾉ方法が図ﾄｼﾃ表示ｻﾚﾃｲﾀ｡
术语,エレベータ,エレベータ,22,-,,忽略,"普通词汇, 机翻按句处理",ｿﾉ向ｶｲ側ﾆﾊエレベータﾄ､
术语,オフィス,オフィス,22,-,,忽略,"普通词汇按句处理; 辦 不可编码, 按句用事務室/寫字樓",ebIオフィス
术语,タイム,タイム,21,-,時間,采用,"批次A定稿: 探偵タイム→偵探時間, タイムマシン→時光機",120秒間ﾉ『探偵タイム』が始ﾏﾘﾏｽ』
术语,ガラス,ガラス,20,-,,忽略,"普通词汇, 机翻按句处理",ｻｯｷﾏで透明だｯﾀガラスが
术语,ビル,ビル,19,-,,忽略,"普通词汇, 机翻按句处理",聞ｲﾀｺﾄﾉﾅｲビルだ｡
术语,プロポーズ,プロポーズ,17,-,,忽略,"普通词汇, 机翻按句处理",ian｢ﾕﾕ､色ﾝﾅ人ﾆプロポーズｻﾚﾙﾝだｹど
术语,バカ,バカ,16,-,,忽略,"普通词汇, 机翻按句处理",私ﾊバカﾗｼｸﾅｯﾃ､投票部屋ｦ出ﾀ｡
术语,システム,システム,15,-,,忽略,"普通词汇, 机翻按句处理",_4_｢電気的ﾆドアｦロックｽﾙシステムだﾅ｡
术语,マシン,マシン,15,-,,忽略,"普通词汇, 机翻按句处理",投票マシンﾆ接続ｽﾗｻﾚﾃｲﾅｲ｡
术语,マジ,マジ,15,-,,忽略,"普通词汇, 机翻按句处理",｢ｴｰｯ､マジｽｶ!｣
术语,トイレ,トイレ,14,-,,忽略,"普通词汇, 机翻按句处理",簡易トイレｶ､ATMｶ……｡
术语,セット,セット,12,-,,忽略,"场景标签/布景串(汎用人物セット等), 永不翻译",セット_背景
术语,バレ,バレ,12,-,,忽略,"普通词汇, 机翻按句处理",ｿﾚﾊバレﾅｲﾖｳﾆ出来ﾙﾉだﾛｳｶ?
术语,ポケット,ポケット,12,-,,忽略,"普通词汇, 机翻按句处理",ポケットﾉ中で､ブルブルﾄ震ｴﾃｲﾙ｡
术语,ジャミング,ジャミング,11,-,干擾,采用,批次A定稿: 信号干扰,ジャミング
术语,テストメニュー,テストメニュー,11,-,,忽略,"调试菜单串(sts_deb*, 永不翻译)",テストメニュー1
术语,ボイン,ボイン,11,-,,忽略,并入人名条目,0.ﾖｫ､ボインﾁｬﾝじｬﾈｪｶ｡
术语,ヤツ,ヤツ,11,-,,忽略,"普通词汇, 机翻按句处理",誰がｺﾝﾅヤツ!｣
术语,アラーム,アラーム,10,-,鬧鈴,采用,批次A定稿: 倒计时提醒音,1分前ﾆアラームが鳴ﾘﾏｽﾉで
术语,ムカ,ムカ,10,-,,忽略,"普通词汇, 机翻按句处理",ﾎﾝﾄムカﾂｸﾖﾈ!｣
术语,ライター,ライター,10,-,,忽略,"普通词汇, 机翻按句处理",香菜ｻﾝが､ライターﾐﾀｲﾅﾉﾆ
术语,ギリギリ,ギリギリ,9,-,,忽略,"普通词汇, 机翻按句处理",ギリギリﾄ歯噛ﾐｽﾙ樫沢氏｡
术语,タイプ,タイプ,9,-,,忽略,"普通词汇, 机翻按句处理",ﾕｯｸﾘ殺ｼﾀｲタイプだぜ｡ﾌﾋｬﾋｬﾋｬｯ!｣
术语,ワケ,ワケ,9,-,,忽略,"普通词汇, 机翻按句处理",｢ｱﾀｼ､ｵ姉ｻﾏﾐﾀｲﾆ頭が良ｲワケじｬﾅｲ｡
术语,コイツ,コイツ,8,-,,忽略,"普通词汇, 机翻按句处理",_3_｢ﾌﾋｬﾋｬﾋｬｯ! コイツﾊｵﾓｼﾚｪ!
术语,チュートリアル,チュートリアル,8,-,,忽略,"场景标签(ROM2_ターン1_チュートリアル等), 永不翻译",チュートリアル移動
术语,バッド,バッド,8,-,,忽略,标签形(ツムじバッド/バッドエンド); 对白1处按句翻(坏结局),ターン4_ﾂﾑじバッド
术语,オシラセシマス,オシラセシマス,7,-,,忽略,"普通词汇, 机翻按句处理",件名『次ﾉ犠牲者ｦオシラセシマス』｡
术语,ホント,ホント,7,-,,忽略,"普通词汇, 机翻按句处理",bZｺﾚでホントﾆ終ﾜﾘだﾖ!
术语,ウワサ,ウワサ,6,-,,忽略,"普通词汇, 机翻按句处理",色々ﾅウワサがｱﾙｺﾄだﾛｳ｡
术语,クソガキ,クソガキ,6,-,臭小鬼,采用,批次A定稿: 与风格指南骂称表一致,_3_｢ﾊﾊﾊ､失礼ﾅクソガキだﾅ｡
术语,クッキー,クッキー,6,-,,忽略,"普通词汇, 机翻按句处理",NO.ｱ､クッキー
术语,ショック,ショック,6,-,,忽略,"普通词汇, 机翻按句处理",_1_｢美紀ｸﾝ｡ショックｦ受ｹﾙﾉﾊｶﾏﾜﾅｲが……
术语,シーン,シーン,6,-,,忽略,系统块为内部标签; 对白6处按句翻(场面/镜头),シーン選択
术语,スルー,スルー,6,-,,忽略,"普通词汇, 机翻按句处理",飽ｷﾃｷﾃﾙﾉで､ｺｺﾊスルーｼﾃｵｸ｡
术语,ツンデレ,ツンデレ,6,-,傲嬌,采用,批次A定稿,_1_｢ﾌﾑ､ｲｲツンデレだﾅ｡
术语,ノート,ノート,6,-,,忽略,"普通词汇, 机翻按句处理",_1_｢ｱｧ｡ﾓﾁﾛﾝ我々ﾊｿﾝﾅ殺人ノートﾊ
术语,バラバラ,バラバラ,6,-,,忽略,"普通词汇, 机翻按句处理",_1_｢シリアルキラーﾉ投票がバラバラﾆﾅｯﾀ場合､
术语,パソコン,パソコン,6,-,,忽略,"普通词汇, 机翻按句处理",ﾜｶﾗﾅｲ腕輪が､パソコンﾆ繋がﾚﾃｲﾀ｡
术语,パニック,パニック,6,-,,忽略,"普通词汇, 机翻按句处理",恐怖でパニックﾆﾅｯﾀﾘﾊｼﾅｲだﾛｳ｡
术语,ピピピッ,ピピピッ,6,-,,忽略,"普通词汇, 机翻按句处理",ピピピッﾄｲｳ音ﾄﾄﾓﾆ
术语,フロア,フロア,6,-,樓層,采用,批次A定稿,ｻﾃ､ﾏずﾊ……フロア内ｦ一周ｼﾃﾐﾙｶ｡
术语,メリット,メリット,6,-,,忽略,"普通词汇, 机翻按句处理",何ﾉメリットﾓﾅｲ作戦だｶﾗﾅ｡
术语,イタズラ,イタズラ,5,-,,忽略,"普通词汇, 机翻按句处理",｢ﾏｧ､イタズラﾉ類だﾛｳが､
术语,カテゴリ,カテゴリ,5,-,,忽略,"KW 分类标签与系统串, 永不翻译",カテゴリ
术语,シルキラ,シルキラ,5,-,,忽略,"标签内 シリアルキラー 缩写, 永不翻译",ﾂﾑじがシルキラ_ﾂﾑじバッド
术语,セーフ,セーフ,5,-,,忽略,"普通词汇, 机翻按句处理",.｢ﾌｩ｡セーフ｣
术语,タイミング,タイミング,5,-,,忽略,"普通词汇, 机翻按句处理",ｺﾉタイミングﾉメール｡
术语,チェーンメール,チェーンメール,5,-,連鎖郵件,采用,批次A定稿,チェーンメール?｣
术语,テレビ,テレビ,5,-,,忽略,"普通词汇, 机翻按句处理",テレビでﾖｸCMｼﾃﾏｽｶﾗﾈ｡
术语,テンション,テンション,5,-,,忽略,"普通词汇, 机翻按句处理",ﾀだ､テンションで動ｲﾃｼﾏｳﾄｲｳ
术语,フロアマップ,フロアマップ,5,-,樓層圖,采用,批次A定稿,フロアマップﾉﾖｳﾅﾓﾉがｱｯﾀ｡
术语,マシンルーム,マシンルーム,5,-,機房,采用,批次A定稿: 投票机/服务器所在,Iマシンルーム
术语,マジメ,マジメ,5,-,,忽略,"普通词汇, 机翻按句处理",少ﾅｸﾄﾓ今ｺﾉ瞬間ﾊ､マジメﾆ黙ｯﾃｲﾖｳ｡
术语,モニター,モニター,5,-,,忽略,"普通词汇, 机翻按句处理",ｿﾉﾏﾏモニターﾍﾄ視線ｦ移ｽ｡
术语,ヤバイ,ヤバイ,5,-,,忽略,"普通词汇, 机翻按句处理",.何ｶ､ヤバイ雰囲気じｬﾅｲｯｽｶ?｣
术语,リスク,リスク,5,-,,忽略,"普通词汇, 机翻按句处理",リスクが高ｲﾉｦ承知で……｣
术语,リーダー,リーダー,5,-,,忽略,"普通词汇, 机翻按句处理",シリアルキラーﾉリーダーでｱﾙｶﾉﾖｳﾆ､
术语,イジメ,イジメ,4,-,,忽略,"普通词汇, 机翻按句处理",｢ｵ姉ｻﾝ｡ﾊﾙｶｦイジメﾅｲでﾖ｣
术语,クリア,クリア,4,-,,忽略,UI 串在 sts_cmn(kind=system 永不翻译); 对白4处按句(通关/变透明),クリア情報ｦセーブｼﾏｽｶ?
术语,ジョーシキ,ジョーシキ,4,-,,忽略,"普通词汇, 机翻按句处理",｢ｿ､ｿｳ｡ジョーシキだﾖﾈ､ジョーシキ!
术语,スイッチ,スイッチ,4,-,,忽略,"普通词汇, 机翻按句处理",_1_｢ｴｯﾄ､スイッチ……ﾊ､ﾀｼｶ､ｺﾉ辺ﾘ……｣
术语,テルミット,テルミット,4,-,高温燃焼剤,采用,"定稿: 意译; 爆弾→高温燃焼剤炸彈, 反応→高温燃焼反応; 鋁熱剤列 P9 替换清单(鋁不可编码)",_4_｢テルミット爆弾ﾖ｡
术语,トラウマ,トラウマ,4,-,,忽略,"普通词汇, 机翻按句处理",私……ｿﾉ､トラウマが……｣
术语,フラグ,フラグ,4,-,flag,采用,"批次A定稿: ASCII 可编码; 死亡フラグ→死亡flag, 立flag",_ｺﾚ､悪役ﾉ死亡フラグでｽﾖﾈ｡
术语,プレイ,プレイ,4,-,,忽略,"普通词汇, 机翻按句处理",プレイｻｾﾙ､ｿﾉﾀﾒﾆｺｺﾆ呼ばﾚﾀ気がｼﾃ
术语,プロペラ,プロペラ,4,-,,忽略,"普通词汇按句处理; 槳 不可编码, 按句改写(扇葉/風扇)",ｿｺｶﾗﾏﾙでプロペラﾉﾖｳﾆ
术语,ロボット,ロボット,4,-,,忽略,"普通词汇, 机翻按句处理",_4_｢……ロ､ロボット!?｣
术语,アンタ,アンタ,3,-,,忽略,"第二人称指代, 风格指南: 省略主语或以称呼指代",アンタ､ｲﾂﾓボインﾁｬﾝﾆ
术语,カップ,カップ,3,-,,忽略,"普通词汇, 机翻按句处理",好ｷﾅ言葉ﾊ『ｳﾋｬｰ』｡胸ﾉカップﾊD｣
术语,キャラ,キャラ,3,-,,忽略,"普通词汇, 机翻按句处理",言ｳキャラでｼﾀｯｹ?｣
术语,クレイジー,クレイジー,3,-,,忽略,"普通词汇, 机翻按句处理",ath｢日本人ｯﾃﾎﾝﾄクレイジーだﾖﾈｰ｣
术语,ケンカ,ケンカ,3,-,,忽略,"普通词汇, 机翻按句处理",｢ﾌｪｪｰ､ケンカﾊﾔﾒﾃｸだｻｰｲｨｰ｣
术语,コンピュータ,コンピュータ,3,-,,忽略,"普通词汇, 机翻按句处理",_1_｢毒針ﾉ他ﾆﾊコンピュータが詰ﾏｯﾃﾀﾉ｡
术语,ジュース,ジュース,3,-,,忽略,"普通词汇, 机翻按句处理",絞ﾘ出ｻﾚﾀ赤ｲジュースが
术语,ジレンマ,ジレンマ,3,-,,忽略,"普通词汇, 机翻按句处理",……ジレンマだﾅ｡
术语,スライスミキサー,スライスミキサー,3,-,切片攪拌機,采用,批次A定稿: 处刑手段名,"『処刑方法ﾊ､“スライスミキサー""でｽ』"
术语,セーブ,セーブ,3,-,,忽略,UI 串在 sts_cmn 永不翻译; 对白2处按句(存档),クリア情報ｦセーブｼﾏｽｶ?
术语,ダメージ,ダメージ,3,-,,忽略,"普通词汇, 机翻按句处理",だがｿﾚﾊ､扉ﾆダメージｦ
术语,デバッグ,デバッグ,3,-,,忽略,"调试串(sts_deb*, 永不翻译)",岩井ｻﾝデバッグ
术语,デバッグスタート,デバッグスタート,3,-,,忽略,"调试入口串(sts_deb*, 永不翻译)",デバッグスタート
术语,データ,データ,3,-,,忽略,"普通词汇, 机翻按句处理",_3_｢ﾀだ､普通ﾉ携帯じｬ衛星ｶﾗﾉデータｦ
术语,トラブル,トラブル,3,-,,忽略,"普通词汇, 机翻按句处理",自分以外ﾄトラブルﾉｱｯﾀ者ｦ指名ｽﾙ｣
术语,ドキドキ,ドキドキ,3,-,,忽略,"普通词汇, 机翻按句处理",ドキドキｼﾁｬｳﾖﾈ!!
术语,ニヤリ,ニヤリ,3,-,,忽略,风格指南已定: 怪笑,香菜ｻﾝがニヤリﾄ……｣
术语,ハッキリ,ハッキリ,3,-,,忽略,"普通词汇, 机翻按句处理",_3_｢ぐ､ぐﾊｯ｡ｵ姉ｻﾏ､ｿﾝﾅハッキリﾄ!!｣
术语,バイト,バイト,3,-,,忽略,"KW调试串(sts_deb*, 永不翻译)",O.KWテスト_バイト
术语,バニラ,バニラ,3,-,,忽略,"普通词汇, 机翻按句处理",_3_｢バニラだ!
术语,パートナー,パートナー,3,-,,忽略,"系统块调试串(sts_debZONO, 永不翻译); 对白1处按句",パートナーﾅｼ
术语,ヒント,ヒント,3,-,,忽略,"普通词汇, 机翻按句处理",ｿﾉﾀﾒﾉヒントﾄｼﾃ探偵ﾉ能力ｦ使ｳ｡
术语,フルネーム,フルネーム,3,-,,忽略,"普通词汇, 机翻按句处理",ﾄｲｳｺﾄﾊ､彼女ﾉフルネームﾊ
术语,ベタベタ,ベタベタ,3,-,,忽略,"普通词汇, 机翻按句处理",ベタベタｻﾚﾅｲﾉでｱﾚば良ｲｶ｡
术语,ペナルティ,ペナルティ,3,-,,忽略,"普通词汇, 机翻按句处理",ペナルティﾄでﾓ言ｳﾉｶ……?
术语,ページ,ページ,3,-,,忽略,"普通词汇, 机翻按句处理",次ページ
术语,ラブレター,ラブレター,3,-,,忽略,"普通词汇, 机翻按句处理",｢じｬｱ､ｺﾉラブレターｯﾃ……｣
术语,ランダム,ランダム,3,-,隨機,采用,批次A定稿: 役職(身分)随机分配,ランダムﾆ決ﾒﾗﾚﾀ役職ﾆﾂｲﾃ
术语,ルート,ルート,3,-,,忽略,"普通词汇, 机翻按句处理",私が妨害でｷﾅｲルートｦ通ｯﾃ
术语,ロマンチック,ロマンチック,3,-,,忽略,"普通词汇, 机翻按句处理",ﾁｮｯﾄだｹロマンチックでｽﾖﾈ!｣
术语,ロープ,ロープ,3,-,,忽略,"普通词汇, 机翻按句处理",_4_｢ｱﾉロープ……給湯室ﾆｱｯﾀﾓﾉで､
术语,ワイヤーカッター,ワイヤーカッター,3,-,鋼絲鉗,采用,批次A定稿: 处刑手段名,"『処刑方法ﾊ“ワイヤーカッター""でｽ』"
章节事件,ROM2_1ターン目終了後,ROM2_1ターン目終了後,1,-,,忽略,校对忽略: 内部场景标签(シーンリプレイ未実装),
章节事件,ROM2_2ターン目終了後,ROM2_2ターン目終了後,1,-,,忽略,校对忽略: 内部场景标签(シーンリプレイ未実装),
章节事件,ROM2_3ターン目終了後,ROM2_3ターン目終了後,1,-,,忽略,校对忽略: 内部场景标签(シーンリプレイ未実装),
章节事件,ROM2_3ターン目開始,ROM2_3ターン目開始,1,-,,忽略,校对忽略: 内部场景标签(シーンリプレイ未実装),
章节事件,ROM2_4ターン目終了後,ROM2_4ターン目終了後,1,-,,忽略,校对忽略: 内部场景标签(シーンリプレイ未実装),
章节事件,ROM2_5ターン目終了後,ROM2_5ターン目終了後,1,-,,忽略,校对忽略: 内部场景标签(シーンリプレイ未実装),
章节事件,ROM2_6ターン目終了後,ROM2_6ターン目終了後,1,-,,忽略,校对忽略: 内部场景标签(シーンリプレイ未実装),
章节事件,ROM2_エピローグ_トゥルー,ROM2_エピローグ_トゥルー,1,-,,忽略,校对忽略: 内部场景标签(シーンリプレイ未実装),
章节事件,ROM2_エピローグ_ノーマル,ROM2_エピローグ_ノーマル,1,-,,忽略,校对忽略: 内部场景标签(シーンリプレイ未実装),
章节事件,ROM2_ゲームオーバー,ROM2_ゲームオーバー,1,-,,忽略,校对忽略: 内部场景标签(シーンリプレイ未実装),
章节事件,ROM2_ターン1,ROM2_ターン1,1,-,,忽略,校对忽略: 内部场景标签(シーンリプレイ未実装),
章节事件,ROM2_ターン1_チュートリアル,ROM2_ターン1_チュートリアル,1,-,,忽略,校对忽略: 内部场景标签(シーンリプレイ未実装),
章节事件,ROM2_ターン1_フリーイベント判定,ROM2_ターン1_フリーイベント判定,1,-,,忽略,校对忽略: 内部场景标签(シーンリプレイ未実装),
章节事件,ROM2_ターン1_フリー移動,ROM2_ターン1_フリー移動,1,-,,忽略,校对忽略: 内部场景标签(シーンリプレイ未実装),
章节事件,ROM2_ターン1_フリー移動制御,ROM2_ターン1_フリー移動制御,1,-,,忽略,校对忽略: 内部场景标签(シーンリプレイ未実装),
章节事件,ROM2_ターン1_投票前,ROM2_ターン1_投票前,1,-,,忽略,校对忽略: 内部场景标签(シーンリプレイ未実装),
章节事件,ROM2_ターン2,ROM2_ターン2,1,-,,忽略,校对忽略: 内部场景标签(シーンリプレイ未実装),
章节事件,ROM2_ターン2_フリーイベント判定,ROM2_ターン2_フリーイベント判定,1,-,,忽略,校对忽略: 内部场景标签(シーンリプレイ未実装),
章节事件,ROM2_ターン2_フリー移動,ROM2_ターン2_フリー移動,1,-,,忽略,校对忽略: 内部场景标签(シーンリプレイ未実装),
章节事件,ROM2_ターン2_フリー移動イベント,ROM2_ターン2_フリー移動イベント,1,-,,忽略,校对忽略: 内部场景标签(シーンリプレイ未実装),
章节事件,ROM2_ターン2_協力者,ROM2_ターン2_協力者,1,-,,忽略,校对忽略: 内部场景标签(シーンリプレイ未実装),
章节事件,ROM2_ターン2_投票前,ROM2_ターン2_投票前,1,-,,忽略,校对忽略: 内部场景标签(シーンリプレイ未実装),
章节事件,ROM2_ターン2_投票前イベント,ROM2_ターン2_投票前イベント,1,-,,忽略,校对忽略: 内部场景标签(シーンリプレイ未実装),
章节事件,ROM2_ターン3,ROM2_ターン3,1,-,,忽略,校对忽略: 内部场景标签(シーンリプレイ未実装),
章节事件,ROM2_ターン3_フリーイベント判定,ROM2_ターン3_フリーイベント判定,1,-,,忽略,校对忽略: 内部场景标签(シーンリプレイ未実装),
章节事件,ROM2_ターン3_フリー移動,ROM2_ターン3_フリー移動,1,-,,忽略,校对忽略: 内部场景标签(シーンリプレイ未実装),
章节事件,ROM2_ターン3_フリー移動イベント,ROM2_ターン3_フリー移動イベント,1,-,,忽略,校对忽略: 内部场景标签(シーンリプレイ未実装),
章节事件,ROM2_ターン3_投票前,ROM2_ターン3_投票前,1,-,,忽略,校对忽略: 内部场景标签(シーンリプレイ未実装),
章节事件,ROM2_ターン3_投票前イベント,ROM2_ターン3_投票前イベント,1,-,,忽略,校对忽略: 内部场景标签(シーンリプレイ未実装),
章节事件,ROM2_ターン4,ROM2_ターン4,1,-,,忽略,校对忽略: 内部场景标签(シーンリプレイ未実装),
章节事件,ROM2_ターン4_ツムじがシルキラ,ROM2_ターン4_ﾂﾑじがシルキラ,1,-,,忽略,校对忽略: 内部场景标签(シーンリプレイ未実装),
章节事件,ROM2_ターン4_フリーイベント判定,ROM2_ターン4_フリーイベント判定,1,-,,忽略,校对忽略: 内部场景标签(シーンリプレイ未実装),
章节事件,ROM2_ターン4_フリー移動,ROM2_ターン4_フリー移動,1,-,,忽略,校对忽略: 内部场景标签(シーンリプレイ未実装),
章节事件,ROM2_ターン4_フリー移動イベント,ROM2_ターン4_フリー移動イベント,1,-,,忽略,校对忽略: 内部场景标签(シーンリプレイ未実装),
章节事件,ROM2_ターン4_投票前イベント,ROM2_ターン4_投票前イベント,1,-,,忽略,校对忽略: 内部场景标签(シーンリプレイ未実装),
章节事件,ROM2_ターン4_美紀ノ報告,ROM2_ターン4_美紀ﾉ報告,1,MIKI,,忽略,校对忽略: 内部场景标签(シーンリプレイ未実装),
章节事件,ROM2_ターン5,ROM2_ターン5,1,-,,忽略,校对忽略: 内部场景标签(シーンリプレイ未実装),
章节事件,ROM2_ターン5_フリーイベント判定,ROM2_ターン5_フリーイベント判定,1,-,,忽略,校对忽略: 内部场景标签(シーンリプレイ未実装),
章节事件,ROM2_ターン5_フリー移動,ROM2_ターン5_フリー移動,1,-,,忽略,校对忽略: 内部场景标签(シーンリプレイ未実装),
章节事件,ROM2_ターン5_フリー移動イベント,ROM2_ターン5_フリー移動イベント,1,-,,忽略,校对忽略: 内部场景标签(シーンリプレイ未実装),
章节事件,ROM2_ターン5_投票前イベント,ROM2_ターン5_投票前イベント,1,-,,忽略,校对忽略: 内部场景标签(シーンリプレイ未実装),
章节事件,ROM2_ターン6,ROM2_ターン6,1,-,,忽略,校对忽略: 内部场景标签(シーンリプレイ未実装),
章节事件,ROM2_ターン6_フリーイベント判定,ROM2_ターン6_フリーイベント判定,1,-,,忽略,校对忽略: 内部场景标签(シーンリプレイ未実装),
章节事件,ROM2_ターン6_フリー移動,ROM2_ターン6_フリー移動,1,-,,忽略,校对忽略: 内部场景标签(シーンリプレイ未実装),
章节事件,ROM2_ターン6_フリー移動イベント,ROM2_ターン6_フリー移動イベント,1,-,,忽略,校对忽略: 内部场景标签(シーンリプレイ未実装),
章节事件,ROM2_ターン6_投票分岐,ROM2_ターン6_投票分岐,1,-,,忽略,校对忽略: 内部场景标签(シーンリプレイ未実装),
章节事件,ROM2_ターン6_投票前イベント,ROM2_ターン6_投票前イベント,1,-,,忽略,校对忽略: 内部场景标签(シーンリプレイ未実装),
章节事件,ROM2_ターン7,ROM2_ターン7,1,-,,忽略,校对忽略: 内部场景标签(シーンリプレイ未実装),
章节事件,ROM2_ターン7_紅春トノ対決,ROM2_ターン7_紅春ﾄﾉ対決,1,-,,忽略,校对忽略: 内部场景标签(シーンリプレイ未実装),
章节事件,ROM2_ターン7_紅春ノ罠,ROM2_ターン7_紅春ﾉ罠,1,-,,忽略,校对忽略: 内部场景标签(シーンリプレイ未実装),
章节事件,ROM2_ターン7_紅春ヲ呼び出ス,ROM2_ターン7_紅春ｦ呼び出ｽ,1,-,,忽略,校对忽略: 内部场景标签(シーンリプレイ未実装),
章节事件,ROM2_トゥルーエンド,ROM2_トゥルーエンド,1,-,,忽略,校对忽略: 内部场景标签(シーンリプレイ未実装),
章节事件,ROM2_ノーマルエンディング,ROM2_ノーマルエンディング,1,-,,忽略,校对忽略: 内部场景标签(シーンリプレイ未実装),
章节事件,ROM2_プロローグ,ROM2_プロローグ,1,-,,忽略,校对忽略: 内部场景标签(シーンリプレイ未実装),
章节事件,ROM2_汎用人物セット,ROM2_汎用人物セット,1,-,,忽略,校对忽略: 内部场景标签(シーンリプレイ未実装),
章节事件,ROM2_香菜ノ隠レ家,ROM2_香菜ﾉ隠ﾚ家,1,KANA,,忽略,校对忽略: 内部场景标签(シーンリプレイ未実装),
章节事件,ROM2_香菜バッド,ROM2_香菜バッド,1,KANA,,忽略,校对忽略: 内部场景标签(シーンリプレイ未実装),
人名(片假名),ツムじ,柏木ﾂﾑじ/ﾂﾑじｸﾝ/ﾂﾑじ,,TUMU,旋,采用,"主角定稿: 全名柏木旋; かしわぎ つむじ, つむじ=发旋 意译; 原草案抽取遗漏(假名汉字混写)",
术语,プレス,プレス,,-,壓碎,采用,"死亡通知处刑手段名(t6, 与電流処刑/血抜き并列)",
术语,電流処刑,電流処刑,,-,電流處刑,采用,死亡通知处刑手段名(t6),
术语,血抜き,血抜ｷ,,-,放血,采用,死亡通知处刑手段名(t6),
术语,腕輪,腕輪,,-,手環,采用,游戏核心道具; 原草案抽取遗漏(汉字词),
术语,役職,役職,,-,身分,采用,随机分配的隐藏身份(市民/探偵/警官等); 身份的份不可编码,
术语,容疑者,容疑者,,-,嫌疑人,采用,"大陆词汇, 避免容疑者日式残留",
人名(汉字),今宮一郎,今宮一郎,,JACK,今宮一郎,采用,"ジャック本名, 繁简同形; 供译名对照",
